Item_Name, Quantity, Unit  , Purchase_Date, Expiry_Date
Rice     ,        5, kg    , 2026-09-01   , 2027-09-01
Milk     ,        6, carton, 2026-09-20   , 2026-10-04
Milk     ,        2, carton, 2026-09-20   , 2026-10-04
Milk     ,        1, carton, 2026-09-20   , 2026-10-04
Milk     ,        10, carton, 2026-09-20   , 2026-10-04
Chicken  ,        1, kg    , 2026-09-23   , 2026-09-26
Chicken  ,        2, kg    , 2026-09-25   , 2026-09-26
Chicken  ,        1.5, kg    , 2026-09-27   , 2026-09-29
Chicken  ,        1, kg    , 2026-09-28   , 2026-09-30
